<?xml version="1.0" encoding="UTF-8"?>
<project-private xmlns="http://www.netbeans.org/ns/project-private/1">
    <editor-bookmarks xmlns="http://www.netbeans.org/ns/editor-bookmarks/2" lastBookmarkId="0"/>
    <open-files xmlns="http://www.netbeans.org/ns/projectui-open-files/2">
        <group>
            <file>file:/C:/Users/DELL/Documents/ASMALIGE/asm_Duan1/src/Xe/Randomm.java</file>
            <file>file:/C:/Users/DELL/Documents/ASMALIGE/asm_Duan1/src/ui/TrangChu.java</file>
            <file>file:/C:/Users/DELL/Documents/ASMALIGE/asm_Duan1/src/Dao/Dao.java</file>
            <file>file:/C:/Users/DELL/Documents/ASMALIGE/asm_Duan1/src/Xe/KhuyenMai.java</file>
            <file>file:/C:/Users/DELL/Documents/ASMALIGE/asm_Duan1/src/ui/QuanLyNhanVien.java</file>
            <file>file:/C:/Users/DELL/Documents/ASMALIGE/asm_Duan1/src/ui/Datcho.java</file>
            <file>file:/C:/Users/DELL/Documents/ASMALIGE/asm_Duan1/src/ui/DangKyTK.java</file>
            <file>file:/C:/Users/DELL/Documents/ASMALIGE/asm_Duan1/src/ui/TimVe1.java</file>
            <file>file:/C:/Users/DELL/Documents/ASMALIGE/asm_Duan1/src/Xe/Nguoidung.java</file>
            <file>file:/C:/Users/DELL/Documents/ASMALIGE/asm_Duan1/src/ui/CaiDat.java</file>
            <file>file:/C:/Users/DELL/Documents/ASMALIGE/asm_Duan1/src/Dao/KhuyenMaiDao.java</file>
            <file>file:/C:/Users/DELL/Documents/ASMALIGE/asm_Duan1/src/Dao/chitietchuyenxeDao.java</file>
            <file>file:/C:/Users/DELL/Documents/ASMALIGE/asm_Duan1/src/Xe/Car.java</file>
            <file>file:/C:/Users/DELL/Documents/ASMALIGE/asm_Duan1/src/ui/Thongke.java</file>
            <file>file:/C:/Users/DELL/Documents/ASMALIGE/asm_Duan1/src/Xe/chitietchuyenxe.java</file>
            <file>file:/C:/Users/DELL/Documents/ASMALIGE/asm_Duan1/src/ui/time.java</file>
            <file>file:/C:/Users/DELL/Documents/ASMALIGE/asm_Duan1/src/ui/LayLaiMatKhauEmail1.java</file>
            <file>file:/C:/Users/DELL/Documents/ASMALIGE/asm_Duan1/src/Dao/sql.java</file>
            <file>file:/C:/Users/DELL/Documents/ASMALIGE/asm_Duan1/src/ui/TrangChao.java</file>
            <file>file:/C:/Users/DELL/Documents/ASMALIGE/asm_Duan1/src/Dao/nguoidungDao.java</file>
            <file>file:/C:/Users/DELL/Documents/ASMALIGE/asm_Duan1/src/ui/DatVe.java</file>
            <file>file:/C:/Users/DELL/Documents/ASMALIGE/asm_Duan1/src/Dao/XeDao.java</file>
            <file>file:/C:/Users/DELL/Documents/ASMALIGE/asm_Duan1/src/ui/TaiKhoan.java</file>
            <file>file:/C:/Users/DELL/Documents/ASMALIGE/asm_Duan1/src/ui/DangNhap.java</file>
        </group>
    </open-files>
</project-private>
